Id;Country;StartDate;EndDate;Type;RegionalScope;Tags;Name;Subdivisions
4b9834f9-43a7-478f-9e70-34619660b8a0;NO;2026-01-01;;Public;National;;NO nyttårsdag,DE Neujahr,EN New Year's Day;
c1c708cb-0c00-48e8-9067-64f0cc00b228;NO;2026-04-02;;Public;National;;NO Skjærtorsdag,DE Gründonnerstag,EN Maundy Thursday;
e8cb07e8-75cc-4144-bcc3-1cf64c6e3703;NO;2026-04-03;;Public;National;;NO Langfredag,DE Karfreitag,EN Good Friday;
81d5c31f-fb4d-4d71-a510-63030452640e;NO;2026-04-05;;Public;National;;NO Første påskedag,DE Ostersonntag,EN Easter Sunday;
f4433a05-15fa-4d5f-8bc5-5398b1c9e4c9;NO;2026-04-06;;Public;National;;NO Annen påskedag,DE Ostermontag,EN Easter Monday;
7364462d-b6a2-4f47-b0be-711b12339a06;NO;2026-05-01;;Public;National;;NO Arbeidernes dag,DE Tag der Arbeit,EN Labour Day;
5bae26f8-8914-4ebe-8bfa-e0d7089369af;NO;2026-05-14;;Public;National;;NO Kristi Himmelfartsdag,DE Christi Himmelfahrt,EN Ascension Day;
97359135-cd47-4fb9-9382-f04c7aa1dab4;NO;2026-05-17;;Public;National;;NO Grunnlovsdag,DE Verfassungstag,EN Constitution Day;
810add68-cefa-4ad3-8f7a-d61a8693bf6c;NO;2026-05-24;;Public;National;;NO Første pinsedag,DE Pfingstsonntag,EN Pentecost Sunday;
cf43ff69-c135-4375-b560-9098994d76d2;NO;2026-05-25;;Public;National;;NO Annen pinsedag,DE Pfingstmontag,EN Pentecost Monday;
92424f78-a6d7-46b1-b31d-89bac64bfd4f;NO;2026-12-25;;Public;National;;NO Første juledag,DE 1. Weihnachtsfeiertag,EN Christmas Day;
83dfb746-ada4-41dd-bb29-0d0d182725e4;NO;2026-12-26;;Public;National;;NO Annen juledag,DE 2. Weihnachtsfeiertag,EN 2nd Day of Christmas;
b6dbb636-6cf5-4e56-9b00-f319cee23116;NO;2027-01-01;;Public;National;;NO nyttårsdag,DE Neujahr,EN New Year's Day;
b1b32739-ffdd-4db5-baf9-86bd283eaf29;NO;2027-03-25;;Public;National;;NO Skjærtorsdag,DE Gründonnerstag,EN Maundy Thursday;
577b11b1-ad10-45f3-b738-61f77022e6f6;NO;2027-03-26;;Public;National;;NO Langfredag,DE Karfreitag,EN Good Friday;
34737ba3-c948-49d2-98ce-233b7138831b;NO;2027-03-28;;Public;National;;NO Første påskedag,DE Ostersonntag,EN Easter Sunday;
f7cd4c54-69ed-43ba-9ab7-fe284345ab7d;NO;2027-03-29;;Public;National;;NO Annen påskedag,DE Ostermontag,EN Easter Monday;
0d8ce3ba-7729-4625-a1b2-0033781e6595;NO;2027-05-01;;Public;National;;NO Arbeidernes dag,DE Tag der Arbeit,EN Labour Day;
e4ad000f-2e6e-4c85-83cc-8efc8a0c78a4;NO;2027-05-06;;Public;National;;NO Kristi Himmelfartsdag,DE Christi Himmelfahrt,EN Ascension Day;
935a2f93-d919-4dfa-b2ac-5b9b6040bf8d;NO;2027-05-16;;Public;National;;NO Første pinsedag,DE Pfingstsonntag,EN Pentecost Sunday;
6a8f39dd-605a-4e9a-a260-b1cec4047283;NO;2027-05-17;;Public;National;;NO Annen pinsedag,DE Pfingstmontag,EN Pentecost Monday;
70e2da52-91b2-41b0-b279-0c8f4f2f2756;NO;2027-05-17;;Public;National;;NO Grunnlovsdag,DE Verfassungstag,EN Constitution Day;
f97a7535-32bf-4fe1-bce6-f4356e359700;NO;2027-12-25;;Public;National;;NO Første juledag,DE 1. Weihnachtsfeiertag,EN Christmas Day;
0be3d959-7faa-4ddc-b13e-ee4786842e48;NO;2027-12-26;;Public;National;;NO Annen juledag,DE 2. Weihnachtsfeiertag,EN 2nd Day of Christmas;
a891673c-8450-4de7-8c62-5448fa29481d;NO;2028-01-01;;Public;National;;NO nyttårsdag,DE Neujahr,EN New Year's Day;
aab3d0d6-8bef-442a-84fa-7d605d9975ea;NO;2028-04-13;;Public;National;;NO Skjærtorsdag,DE Gründonnerstag,EN Maundy Thursday;
6a4ac395-48d6-410a-ae4c-2896e2fb5946;NO;2028-04-14;;Public;National;;NO Langfredag,DE Karfreitag,EN Good Friday;
9e116755-16a6-4104-8cf2-251f27e2c4cc;NO;2028-04-16;;Public;National;;NO Første påskedag,DE Ostersonntag,EN Easter Sunday;
aff915f7-6b4b-41a4-ac02-e41c03350e35;NO;2028-04-17;;Public;National;;NO Annen påskedag,DE Ostermontag,EN Easter Monday;
0bad92ec-cc8d-4380-988a-198ec49c5865;NO;2028-05-01;;Public;National;;NO Arbeidernes dag,DE Tag der Arbeit,EN Labour Day;
ae7851f5-21dd-456c-8518-dd2189826a9e;NO;2028-05-17;;Public;National;;NO Grunnlovsdag,DE Verfassungstag,EN Constitution Day;
676cd88e-0cf5-4ebc-9c6e-0ee1eedc5197;NO;2028-05-25;;Public;National;;NO Kristi Himmelfartsdag,DE Christi Himmelfahrt,EN Ascension Day;
01808901-8af5-4263-81fc-ec6adbccc565;NO;2028-06-04;;Public;National;;NO Første pinsedag,DE Pfingstsonntag,EN Pentecost Sunday;
ab293bb7-5215-4a67-9d79-e3b8f3a8f07a;NO;2028-06-05;;Public;National;;NO Annen pinsedag,DE Pfingstmontag,EN Pentecost Monday;
3e96e4ad-69dc-4b6d-a154-012bca9739ba;NO;2028-12-25;;Public;National;;NO Første juledag,DE 1. Weihnachtsfeiertag,EN Christmas Day;
1460898c-ae67-4b13-ab0f-0edeb3aeec65;NO;2028-12-26;;Public;National;;NO Annen juledag,DE 2. Weihnachtsfeiertag,EN 2nd Day of Christmas;
d4ab9323-296d-4053-9fa1-24a90d8d9e85;NO;2029-01-01;;Public;National;;NO nyttårsdag,DE Neujahr,EN New Year's Day;
651d189f-d215-4698-8505-cf282ff87f7f;NO;2029-03-29;;Public;National;;NO Skjærtorsdag,DE Gründonnerstag,EN Maundy Thursday;
d6096934-75da-40ee-a548-1256dacef85c;NO;2029-03-30;;Public;National;;NO Langfredag,DE Karfreitag,EN Good Friday;
0ce3270a-9da5-420b-af64-e49a35339ba6;NO;2029-04-01;;Public;National;;NO Første påskedag,DE Ostersonntag,EN Easter Sunday;
409fb5ef-39e9-453a-aa41-de02e9748a23;NO;2029-04-02;;Public;National;;NO Annen påskedag,DE Ostermontag,EN Easter Monday;
cdad61ab-5815-4cbd-b5da-b6e07bc2a0bd;NO;2029-05-01;;Public;National;;NO Arbeidernes dag,DE Tag der Arbeit,EN Labour Day;
bd3ed3e6-690a-42a1-9ced-1a1072d8d7a5;NO;2029-05-10;;Public;National;;NO Kristi Himmelfartsdag,DE Christi Himmelfahrt,EN Ascension Day;
2982202c-3880-4527-b42e-f0d548dc3af4;NO;2029-05-17;;Public;National;;NO Grunnlovsdag,DE Verfassungstag,EN Constitution Day;
5e443221-ef20-4116-8b67-e8be11917f86;NO;2029-05-20;;Public;National;;NO Første pinsedag,DE Pfingstsonntag,EN Pentecost Sunday;
967cfdee-2969-4fff-8d2a-d4a81faded73;NO;2029-05-21;;Public;National;;NO Annen pinsedag,DE Pfingstmontag,EN Pentecost Monday;
1aa19d51-5f5b-4446-a57d-dd21385008ce;NO;2029-12-25;;Public;National;;NO Første juledag,DE 1. Weihnachtsfeiertag,EN Christmas Day;
135d934b-5a93-431e-af2c-8bd9244ac48e;NO;2029-12-26;;Public;National;;NO Annen juledag,DE 2. Weihnachtsfeiertag,EN 2nd Day of Christmas;
ab15cd67-fd59-4874-a52c-554b7b148577;NO;2030-01-01;;Public;National;;NO nyttårsdag,DE Neujahr,EN New Year's Day;
fc4ee79d-b01f-44d0-8b6c-7b94f9771ea1;NO;2030-04-18;;Public;National;;NO Skjærtorsdag,DE Gründonnerstag,EN Maundy Thursday;
b4b1ee87-7916-46b0-977a-6cda1284ac09;NO;2030-04-19;;Public;National;;NO Langfredag,DE Karfreitag,EN Good Friday;
c0410406-00d3-4a19-b600-5f1c937f6b0c;NO;2030-04-21;;Public;National;;NO Første påskedag,DE Ostersonntag,EN Easter Sunday;
5794148a-6b7f-4d49-be11-9f149baebe5d;NO;2030-04-22;;Public;National;;NO Annen påskedag,DE Ostermontag,EN Easter Monday;
546921ef-be42-4832-9150-36de759e6a58;NO;2030-05-01;;Public;National;;NO Arbeidernes dag,DE Tag der Arbeit,EN Labour Day;
1bc7c43a-b2ee-4ab6-bf87-1ee7ab1d8453;NO;2030-05-17;;Public;National;;NO Grunnlovsdag,DE Verfassungstag,EN Constitution Day;
e87fd8a2-bb1d-4f90-92dc-4dca6b6b257a;NO;2030-05-30;;Public;National;;NO Kristi Himmelfartsdag,DE Christi Himmelfahrt,EN Ascension Day;
b9edfd44-97b2-4034-8b1f-26d6e40d6650;NO;2030-06-09;;Public;National;;NO Første pinsedag,DE Pfingstsonntag,EN Pentecost Sunday;
ba49dd0a-0147-445f-a9d5-202da0f55dff;NO;2030-06-10;;Public;National;;NO Annen pinsedag,DE Pfingstmontag,EN Pentecost Monday;
f5c6f777-a609-4a9a-8725-f8da6445f677;NO;2030-12-25;;Public;National;;NO Første juledag,DE 1. Weihnachtsfeiertag,EN Christmas Day;
bfdcf4fa-00f8-4716-8c84-8aa9ad611602;NO;2030-12-26;;Public;National;;NO Annen juledag,DE 2. Weihnachtsfeiertag,EN 2nd Day of Christmas;
2f1e4909-de2e-4f94-b8dc-6bcd0db5ca69;NO;2031-01-01;;Public;National;;NO nyttårsdag,DE Neujahr,EN New Year's Day;
fad91b2b-a45b-4d3c-be5f-f9cd7e390df4;NO;2031-04-10;;Public;National;;NO Skjærtorsdag,DE Gründonnerstag,EN Maundy Thursday;
38d5f6b1-447c-4f08-b16c-ba7037472941;NO;2031-04-11;;Public;National;;NO Langfredag,DE Karfreitag,EN Good Friday;
c95f4590-9b3b-4b7f-996b-c957c4a364c8;NO;2031-04-13;;Public;National;;NO Første påskedag,DE Ostersonntag,EN Easter Sunday;
4c6e2717-0529-4ee4-9f52-ab2aa68bbb46;NO;2031-04-14;;Public;National;;NO Annen påskedag,DE Ostermontag,EN Easter Monday;
8d3d4b5d-1abc-4fad-bc20-0531b7d081d3;NO;2031-05-01;;Public;National;;NO Arbeidernes dag,DE Tag der Arbeit,EN Labour Day;
6cd1d8e0-625e-4ae0-b0e7-b468dcafabfb;NO;2031-05-17;;Public;National;;NO Grunnlovsdag,DE Verfassungstag,EN Constitution Day;
15956c91-2658-407c-b090-b2754cb10327;NO;2031-05-22;;Public;National;;NO Kristi Himmelfartsdag,DE Christi Himmelfahrt,EN Ascension Day;
91c89ee8-93da-4d17-9001-e25d3486562d;NO;2031-06-01;;Public;National;;NO Første pinsedag,DE Pfingstsonntag,EN Pentecost Sunday;
b1fc2acc-c805-4bbb-b807-3aaa9f7e3ca4;NO;2031-06-02;;Public;National;;NO Annen pinsedag,DE Pfingstmontag,EN Pentecost Monday;
8a87b08c-816a-4fb6-ba02-36130a1c4751;NO;2031-12-25;;Public;National;;NO Første juledag,DE 1. Weihnachtsfeiertag,EN Christmas Day;
01c4393b-adfd-468d-9f1f-2c9a13ba3d1a;NO;2031-12-26;;Public;National;;NO Annen juledag,DE 2. Weihnachtsfeiertag,EN 2nd Day of Christmas;
aa4db556-1929-41dd-9e43-bf5c9ab9b429;NO;2032-01-01;;Public;National;;NO nyttårsdag,DE Neujahr,EN New Year's Day;
676f22f2-f87c-4b9b-b5cb-27414a36aa90;NO;2032-03-25;;Public;National;;NO Skjærtorsdag,DE Gründonnerstag,EN Maundy Thursday;
40607822-8ed9-4a79-9deb-94ca5d25311a;NO;2032-03-26;;Public;National;;NO Langfredag,DE Karfreitag,EN Good Friday;
ab374d49-e121-4a4f-9173-9fe2c1bbb9cc;NO;2032-03-28;;Public;National;;NO Første påskedag,DE Ostersonntag,EN Easter Sunday;
0ea0adda-4d3e-4f63-96ad-5373a269cccd;NO;2032-03-29;;Public;National;;NO Annen påskedag,DE Ostermontag,EN Easter Monday;
92c80e7a-97c0-4790-8b63-ba92db9c73fc;NO;2032-05-01;;Public;National;;NO Arbeidernes dag,DE Tag der Arbeit,EN Labour Day;
b9eca349-6950-4fa6-8446-0ca232112226;NO;2032-05-06;;Public;National;;NO Kristi Himmelfartsdag,DE Christi Himmelfahrt,EN Ascension Day;
689b8c83-8697-441f-a5d3-a0660d9136fb;NO;2032-05-16;;Public;National;;NO Første pinsedag,DE Pfingstsonntag,EN Pentecost Sunday;
582c2be5-5006-4f92-917d-1ddda06a5d65;NO;2032-05-17;;Public;National;;NO Annen pinsedag,DE Pfingstmontag,EN Pentecost Monday;
50f6bc62-8771-449b-9c7c-318ba2a0f22c;NO;2032-05-17;;Public;National;;NO Grunnlovsdag,DE Verfassungstag,EN Constitution Day;
8e2516f4-a08e-44b3-b29e-c98fd7d3cd62;NO;2032-12-25;;Public;National;;NO Første juledag,DE 1. Weihnachtsfeiertag,EN Christmas Day;
f41940d7-0927-4c5b-9b7e-6f1895da975d;NO;2032-12-26;;Public;National;;NO Annen juledag,DE 2. Weihnachtsfeiertag,EN 2nd Day of Christmas;
cf6e37c8-03cf-4387-80a3-e3beb3ed9abb;NO;2033-01-01;;Public;National;;NO nyttårsdag,DE Neujahr,EN New Year's Day;
afce5c8a-7d35-4111-ab46-5107b056ddc1;NO;2033-04-14;;Public;National;;NO Skjærtorsdag,DE Gründonnerstag,EN Maundy Thursday;
7297f12d-5714-4e92-89d4-04da1485f979;NO;2033-04-15;;Public;National;;NO Langfredag,DE Karfreitag,EN Good Friday;
525129ad-5c0f-4bed-bcfe-95c4f3052a1f;NO;2033-04-17;;Public;National;;NO Første påskedag,DE Ostersonntag,EN Easter Sunday;
3bf0fef9-b610-4567-8ebd-d4ddfff04975;NO;2033-04-18;;Public;National;;NO Annen påskedag,DE Ostermontag,EN Easter Monday;
1394dbee-3e4e-4c70-8630-a5da275bc06a;NO;2033-05-01;;Public;National;;NO Arbeidernes dag,DE Tag der Arbeit,EN Labour Day;
d1b26b63-bc31-4e91-a696-dc3b61e670db;NO;2033-05-17;;Public;National;;NO Grunnlovsdag,DE Verfassungstag,EN Constitution Day;
641be696-b27d-45ee-b353-58196440c6a0;NO;2033-05-26;;Public;National;;NO Kristi Himmelfartsdag,DE Christi Himmelfahrt,EN Ascension Day;
669dd982-3483-454f-af6e-d8985b6f3b53;NO;2033-06-05;;Public;National;;NO Første pinsedag,DE Pfingstsonntag,EN Pentecost Sunday;
93b428d9-6fde-4ca5-8cd5-cbea13e5c858;NO;2033-06-06;;Public;National;;NO Annen pinsedag,DE Pfingstmontag,EN Pentecost Monday;
07b7960a-6c10-4659-ab72-cea8291c8413;NO;2033-12-25;;Public;National;;NO Første juledag,DE 1. Weihnachtsfeiertag,EN Christmas Day;
04238562-9087-4e29-9ac5-7ae0196b6de3;NO;2033-12-26;;Public;National;;NO Annen juledag,DE 2. Weihnachtsfeiertag,EN 2nd Day of Christmas;
c7313001-436a-4494-8c04-8aa239a17c73;NO;2034-01-01;;Public;National;;NO nyttårsdag,DE Neujahr,EN New Year's Day;
619d36f0-6096-4a9c-9748-955ce13f5665;NO;2034-04-06;;Public;National;;NO Skjærtorsdag,DE Gründonnerstag,EN Maundy Thursday;
c0a136b7-c2ce-429d-a09f-574d263a53e2;NO;2034-04-07;;Public;National;;NO Langfredag,DE Karfreitag,EN Good Friday;
2805451c-c7d2-4d68-a7b2-722f8a4e9cac;NO;2034-04-09;;Public;National;;NO Første påskedag,DE Ostersonntag,EN Easter Sunday;
c6aeb6a8-f1de-4203-a576-ce58416a72c2;NO;2034-04-10;;Public;National;;NO Annen påskedag,DE Ostermontag,EN Easter Monday;
7e2d0ec5-bf71-4e8d-a3b5-be175e369d1b;NO;2034-05-01;;Public;National;;NO Arbeidernes dag,DE Tag der Arbeit,EN Labour Day;
895cdfe4-567e-4f31-b372-01657c336745;NO;2034-05-17;;Public;National;;NO Grunnlovsdag,DE Verfassungstag,EN Constitution Day;
205c2668-706e-40bd-a7cf-09a8b1f6f9fc;NO;2034-05-18;;Public;National;;NO Kristi Himmelfartsdag,DE Christi Himmelfahrt,EN Ascension Day;
dee5c87e-2b6c-4eaf-a186-3f4d7c8e6748;NO;2034-05-28;;Public;National;;NO Første pinsedag,DE Pfingstsonntag,EN Pentecost Sunday;
5a1bddfa-cc0a-48ff-a00e-86b788af7330;NO;2034-05-29;;Public;National;;NO Annen pinsedag,DE Pfingstmontag,EN Pentecost Monday;
583ae0c9-b3e4-4a2f-a692-2b9b58b89b8d;NO;2034-12-25;;Public;National;;NO Første juledag,DE 1. Weihnachtsfeiertag,EN Christmas Day;
784dbbad-1613-4b9c-9c42-37fda41457b4;NO;2034-12-26;;Public;National;;NO Annen juledag,DE 2. Weihnachtsfeiertag,EN 2nd Day of Christmas;
698c4ed4-1fed-41eb-9ab0-ef50fc218258;NO;2035-01-01;;Public;National;;NO nyttårsdag,DE Neujahr,EN New Year's Day;
fc47014e-ec76-441f-bd53-1160a6537b3c;NO;2035-03-22;;Public;National;;NO Skjærtorsdag,DE Gründonnerstag,EN Maundy Thursday;
98a2a3a6-7647-4c93-afed-832cdb4341db;NO;2035-03-23;;Public;National;;NO Langfredag,DE Karfreitag,EN Good Friday;
88f19c6c-9a3a-4c4f-82c7-db27122ff01a;NO;2035-03-25;;Public;National;;NO Første påskedag,DE Ostersonntag,EN Easter Sunday;
c9c2990b-ecdc-4b0c-a2e3-72ba88a39a34;NO;2035-03-26;;Public;National;;NO Annen påskedag,DE Ostermontag,EN Easter Monday;
97a39f35-26c0-4337-b5c7-d28c79af31a8;NO;2035-05-01;;Public;National;;NO Arbeidernes dag,DE Tag der Arbeit,EN Labour Day;
f694380f-f886-480e-8f62-6a6c46b1c454;NO;2035-05-03;;Public;National;;NO Kristi Himmelfartsdag,DE Christi Himmelfahrt,EN Ascension Day;
f3d5cc13-2415-4ab3-8acb-13597f1f1a33;NO;2035-05-13;;Public;National;;NO Første pinsedag,DE Pfingstsonntag,EN Pentecost Sunday;
9213ae6b-f7e0-48c6-83a4-ab53d3f2573c;NO;2035-05-14;;Public;National;;NO Annen pinsedag,DE Pfingstmontag,EN Pentecost Monday;
7983d41c-f39c-403a-88e4-337996df00b1;NO;2035-05-17;;Public;National;;NO Grunnlovsdag,DE Verfassungstag,EN Constitution Day;
8d65500f-a690-44b4-987e-7d0c7e59f803;NO;2035-12-25;;Public;National;;NO Første juledag,DE 1. Weihnachtsfeiertag,EN Christmas Day;
1b52e536-5cfd-4b44-8c4c-946d7e6dcbfb;NO;2035-12-26;;Public;National;;NO Annen juledag,DE 2. Weihnachtsfeiertag,EN 2nd Day of Christmas;
